Molecule,Pred Ki,Confidence,Pred Scale
1,44.98953171318927,Confident,+
2,39.5816653996507,Confident,+
3,15.860325619478147,Confident,+
4,16.82323025900747,Confident,+
5,33.636101597512244,Confident,+
6,40.3189132661317,Confident,+
7,40.3189132661317,Confident,+
8,40.3189132661317,Confident,+
9,45.52913655021989,Confident,+
10,5.134110818168363,Confident,+
11,5.134110818168363,Confident,+
12,6.626586589519885,Confident,+
13,6.626586589519885,Confident,+
14,6.626586589519885,Confident,+
15,6.626586589519885,Confident,+
16,10.649378049208524,Confident,+
17,10.649378049208524,Confident,+
18,5.028980100395334,Confident,+
19,5.028980100395334,Confident,+
20,44.8703054327775,Confident,+
21,44.8703054327775,Confident,+
22,13.481136176239168,Confident,+
23,13.481136176239168,Confident,+
24,19.17664470885827,Confident,+
25,19.17664470885827,Confident,+
26,104.23673460975186,Confident,++
27,104.23673460975186,Confident,++
28,100.0422812351359,Confident,++
29,100.0422812351359,Confident,++
30,22.580069470659545,Confident,+
31,22.580069470659545,Confident,+
32,24.71295609746151,Confident,+
33,24.71295609746151,Confident,+
34,67.63314370980757,Confident,++
35,67.63314370980757,Confident,++
36,57.90705222243355,Confident,++
37,57.90705222243355,Confident,++
38,76.94077810561257,Confident,++
39,76.94077810561257,Confident,++
40,19.42410595975622,Confident,+
41,19.42410595975622,Confident,+
42,23.525703588300914,Confident,+
43,23.525703588300914,Confident,+
44,36.15688046367986,Confident,+
45,36.15688046367986,Confident,+
46,16.31721005308836,Confident,+
47,16.31721005308836,Confident,+
48,13.899653996809594,Confident,+
49,13.899653996809594,Confident,+
50,13.899653996809594,Confident,+
51,13.899653996809594,Confident,+
52,31.536151962659886,Confident,+
53,31.536151962659886,Confident,+
54,39.56814159332342,Confident,+
55,39.56814159332342,Confident,+
56,62.31807458926469,Confident,++
57,43.51344796474855,Confident,+
58,19.726755542578992,Confident,+
59,19.726755542578992,Confident,+
60,41.89132505862339,Confident,+
61,41.89132505862339,Confident,+
62,72.05798039795889,Confident,++
63,72.05798039795889,Confident,++
64,67.16545640249079,Confident,++
65,67.16545640249079,Confident,++
66,70.47869648864463,Confident,++
67,67.81088969822382,Confident,++
68,67.81088969822382,Confident,++
69,52.15070799212009,Confident,++
70,52.15070799212009,Confident,++
71,26.69756119602554,Confident,+
72,26.69756119602554,Confident,+
73,26.69756119602554,Confident,+
74,27.925779657647976,Confident,+
75,4.18494839626287,Confident,+
76,90.93452397108392,Confident,++
77,66.87089764888658,Confident,++
78,24.900036705276968,Confident,+
79,24.900036705276968,Confident,+
80,66.02972880786214,Confident,++
81,19.727663013855988,Confident,+
82,54.8799911785485,Confident,++
83,124.27056505978896,Confident,++
84,56.138698250928485,Confident,++
85,29.88504241271367,Confident,+
86,29.88504241271367,Confident,+
87,192.72932443326945,Confident,++
88,94.36667359816265,Confident,++
89,47.182100377201095,Confident,+
90,47.182100377201095,Confident,+
91,46.09749472686412,Confident,+
92,30.766356424249427,Confident,+
93,281.85883121731837,Confident,++
94,62.75878261199855,Confident,++
95,36.85425912297681,Confident,+
96,38.3499162735056,Confident,+
97,38.61854438323748,Confident,+
98,45.46873661028456,Confident,+
99,45.46873661028456,Confident,+
100,73.15918359707798,Confident,++
101,98.57556540488645,Confident,++
102,15.377323303281509,Confident,+
103,15.377323303281509,Confident,+
104,15.377323303281509,Confident,+
105,15.377323303281509,Confident,+
106,19.516725268049836,Confident,+
107,19.516725268049836,Confident,+
108,19.516725268049836,Confident,+
109,398.5967986257744,Confident,++
110,13.580728606918044,Confident,+
111,42.13386156271934,Confident,+
112,4.070446465393506,Confident,+
113,60.70304140332869,Confident,++
114,23.00928338205002,Confident,+
115,2.298965234744292,Confident,+
116,16.59911278560133,Confident,+
117,160.68863469142264,Confident,++
118,55.545896922377146,Confident,++
119,186.57957841423897,Confident,++
120,65.77091226345063,Confident,++
121,15.834554331065702,Confident,+
122,49.27628446966552,Confident,+
123,114.81934080533549,Confident,++
124,210.1421494477072,Confident,++
125,107.3900014855017,Confident,++
126,80.65768109892416,Confident,++
127,38.878082109017036,Confident,+
128,38.878082109017036,Confident,+
129,94.6474376412168,Confident,++
130,30.469514145979243,Confident,+
131,51.444327695746104,Confident,++
132,161.42402762225316,Confident,++
133,21.242130064408883,Confident,+
134,282.6861024121187,Confident,++
135,53.77952082018265,Confident,++
136,51.444327695746104,Confident,++
137,58.17593979924564,Confident,++
138,32.57371249667181,Confident,+
139,25.397091780895284,Confident,+
140,51.444327695746104,Confident,++
141,389.5948584485236,Confident,++
142,40.210054570653625,Confident,+
143,41.22307374059992,Confident,+
144,30.577561618985555,Confident,+
145,41.94780922700669,Confident,+
146,2.939160613776178,Confident,+
147,20.756007077590258,Confident,+
148,284.127411346297,Confident,++
149,6.8959465734843315,Confident,+
150,11.410197287522545,Confident,+
151,4.6257588590843595,Confident,+
152,205.02981010371337,Confident,++
153,70.97686071886113,Confident,++
154,14.229884191697735,Confident,+
155,40.89263708690355,Confident,+
156,9.46860979855835,Confident,+
157,48.28384921554157,Confident,+
158,28.347652564443642,Confident,+
159,22.48841945860281,Confident,+
160,29.822499776209593,Confident,+
161,5.1198516265422,Confident,+
162,28.347652564443642,Confident,+
163,28.347652564443642,Confident,+
164,93.62070853666349,Confident,++
165,0.8669454516829016,Confident,+
166,40.20789054089433,Confident,+
167,46.890579855067465,Confident,+
168,74.7049137150499,Confident,++
169,30.62995589507117,Confident,+
170,78.45454508535515,Confident,++
171,36.67689739051186,Confident,+
172,23.69530931633405,Confident,+
173,344.5089036278383,Confident,++
174,39.806453287014236,Confident,+
175,168.43554782150844,Confident,++
176,28.892056423228127,Confident,+
177,28.959550190263574,Confident,+
178,83.84024041718696,Confident,++
179,153.77162016328134,Confident,++
180,100.2486453020862,Confident,++
181,434.57069556570366,Confident,++
182,148.76756435285066,Confident,++
183,51.084569073210936,Confident,++
184,28.892056423228127,Confident,+
185,26.861314032509565,Confident,+
186,51.11101713360932,Confident,++
187,9.613943829510143,Confident,+
188,22.062139966199016,Confident,+
189,145.51313420684338,Confident,++
190,3.017286341853915,Confident,+
191,144.68099550728155,Confident,++
192,6.03832742918413,Confident,+
193,54.452983580582206,Confident,++
194,3.1811247973618233,Confident,+
195,24.9011131147484,Confident,+
196,26.558043731782412,Confident,+
197,15.40343233908602,Confident,+
198,15.40343233908602,Confident,+
199,14.074061851175085,Confident,+
200,189.29461535977148,Confident,++
201,62.19760841241933,Confident,++
202,38.347672732188286,Confident,+
203,39.722791676941,Confident,+
204,33.08856779710636,Confident,+
205,36.323207633403726,Confident,+
206,43.687228385458496,Confident,+
207,36.323207633403726,Confident,+
208,223.31708304964639,Confident,++
209,60.31859774391805,Confident,++
210,39.57338132148258,Confident,+
211,18.19127376271133,Confident,+
212,26.782123481460044,Confident,+
213,49.32613249496688,Confident,+
214,23.554598149254904,Confident,+
215,223.5812760197803,Confident,++
216,35.17679963873071,Confident,+
217,46.1222064622364,Confident,+
218,46.1222064622364,Confident,+
219,45.98897482375644,Confident,+
220,15.5000367408862,Confident,+
221,38.366978187587286,Confident,+
222,20.720770671964868,Confident,+
223,21.28972779079153,Confident,+
224,32.61510388742904,Confident,+
225,46.46463993100379,Confident,+
226,47.10823253015529,Confident,+
227,10.917337283127582,Confident,+
228,43.62573863558445,Confident,+
229,24.368283763787147,Confident,+
230,39.407278826854665,Confident,+
231,28.892056423228127,Confident,+
232,22.519578596330422,Confident,+
233,54.2752723529437,Confident,++
234,38.61854438323748,Confident,+
235,565.2075204296643,Confident,+++
236,16.275507105629785,Confident,+
237,86.9654595625241,Confident,++
238,39.407278826854665,Confident,+
239,104.9467340955442,Confident,++
240,34.86867918755311,Confident,+
241,34.86867918755311,Confident,+
242,45.40210215311253,Confident,+
243,70.57258713965282,Confident,++
244,32.79481165469761,Confident,+
245,70.47358281511788,Confident,++
246,8.156127073127864,Confident,+
247,128.30261909333734,Confident,++
248,23.902618426536762,Confident,+
249,23.902618426536762,Confident,+
250,23.902618426536762,Confident,+
251,13.963506972080895,Confident,+
252,3.8043880443058087,Confident,+
253,46.973093748229225,Confident,+
254,37.53555756466068,Confident,+
255,17.924767789173725,Confident,+
256,24.758994423285433,Confident,+
257,24.758994423285433,Confident,+
258,30.558957936486898,Confident,+
259,102.44911006027263,Confident,++
260,102.44911006027263,Confident,++
261,419.2799965031636,Confident,++
262,24.743293996129065,Confident,+
263,195.0636199214878,Confident,++
264,180.08167139270287,Confident,++
265,28.959550190263574,Confident,+
266,32.91496603179645,Confident,+
267,2242.0610781564956,Confident,+++
268,52.66014859642598,Confident,++
269,49.16445456900106,Confident,+
270,19.901868832752427,Confident,+
271,183.14886924376233,Confident,++
272,69.18776038666388,Confident,++
273,20.18761375791218,Confident,+
274,110.9887025085387,Confident,++
275,15.7421130564275,Confident,+
276,247.16562700779852,Confident,++
277,45.237242704116035,Confident,+
278,24.417771556279426,Confident,+
279,16.64568836671976,Confident,+
280,50.582712585135155,Confident,++
281,41.21946977536152,Confident,+
282,13.085823722857631,Confident,+
283,104.24252817731549,Confident,++
284,12.591830745031594,Confident,+
285,12.591830745031594,Confident,+
286,39.34451400109735,Confident,+
287,49.91175973522463,Confident,+
288,126.5584842827559,Confident,++
289,118.50955945264367,Confident,++
290,20.756007077590258,Confident,+
291,257.682079069352,Confident,++
292,57.75136347469063,Confident,++
293,18.232700125154494,Confident,+
294,18.232700125154494,Confident,+
295,132.524300591823,Confident,++
296,28.54481576004865,Confident,+
297,28.54481576004865,Confident,+
298,28.54481576004865,Confident,+
299,32.099238624145904,Confident,+
300,44.40351150375939,Confident,+
301,23.475918798205072,Confident,+
302,18.811640993296304,Confident,+
303,147.1382767232623,Confident,++
304,147.1382767232623,Confident,++
305,48.3357525551916,Confident,+
306,64.3028432821577,Confident,++
307,18.246665689185754,Confident,+
308,201.61876509978902,Confident,++
309,20.022177785305974,Confident,+
310,524.8867602547779,Confident,+++
311,15.860325619478147,Confident,+
312,34.90040459094213,Confident,+
313,34.90040459094213,Confident,+
314,186.06927872691085,Confident,++
315,81.53043429037174,Confident,++
316,35.07383581397319,Confident,+
317,27.15491400624318,Confident,+
318,233.1118426173692,Confident,++
319,4.146023078817338,Confident,+
320,71.29460950511873,Confident,++
321,30.969212360381757,Confident,+
322,133.3731463102982,Confident,++
323,91.82223514622687,Confident,++
324,220.01286153002002,Confident,++
325,136.38376709558815,Confident,++
326,53.06467924679044,Confident,++
327,46.51733154413012,Confident,+
328,6.640017509316942,Confident,+
329,47.744179163085185,Confident,+
330,19.516725268049836,Confident,+
331,19.516725268049836,Confident,+
332,45.2454529459551,Confident,+
333,45.2454529459551,Confident,+
334,45.2454529459551,Confident,+
335,45.2454529459551,Confident,+
336,15.377323303281509,Confident,+
337,15.377323303281509,Confident,+
338,15.377323303281509,Confident,+
339,45.2454529459551,Confident,+
340,68.15742998153175,Confident,++
341,23.241138240657413,Confident,+
342,4.6805986469470975,Confident,+
343,9.190814630282114,Confident,+
344,25.446175627243985,Confident,+
345,22.70796856517274,Confident,+
346,469.37062966810635,Confident,++
347,632.0956913803119,Confident,+++
348,22.35469276861175,Confident,+
349,20.85038774830747,Confident,+
350,27.41804757336576,Confident,+
351,59.82854856578007,Confident,++
352,37.03942966735266,Confident,+
353,115.14102607900053,Confident,++
354,23.439437944161213,Confident,+
355,8.708505995758914,Confident,+
356,22.70796856517274,Confident,+
357,36.741561058952705,Confident,+
358,19.344524404182785,Confident,+
359,19.344524404182785,Confident,+
360,30.885991584134835,Confident,+
361,19.344524404182785,Confident,+
362,8.708505995758914,Confident,+
363,58.933262177019,Confident,++
364,40.458560363407614,Confident,+
365,23.719889209996598,Confident,+
366,48.43145960313241,Confident,+
367,125.42549654111818,Confident,++
368,458.59818961595823,Confident,++
369,458.59818961595823,Confident,++
370,27.893773319415832,Confident,+
371,18.19701857225662,Confident,+
372,458.59818961595823,Confident,++
373,76.10789843215163,Confident,++
374,44.04958271588726,Confident,+
375,52.17340483226511,Confident,++
376,3.912411138730375,Confident,+
377,38.80780878941282,Confident,+
378,26.964654910357588,Confident,+
379,12.143103921756698,Confident,+
380,12.143103921756698,Confident,+
381,12.143103921756698,Confident,+
382,65.28935904110368,Confident,++
383,18.158165619565704,Confident,+
384,18.158165619565704,Confident,+
385,9.220927856147677,Confident,+
386,49.10822775992947,Confident,+
387,686.4199657187999,Confident,+++
388,230.72720541874318,Confident,++
389,504.96632647912423,Confident,+++
390,30.278696480856475,Confident,+
391,117.12433934694504,Confident,++
392,282.7646587814573,Confident,++
393,27.663344472710076,Confident,+
394,45.90919697119876,Confident,+
395,6.451591478255132,Confident,+
396,144.9611837129196,Confident,++
397,73.18082461286411,Confident,++
398,25.713695916497063,Confident,+
399,25.713695916497063,Confident,+
400,37.55650754656906,Confident,+
401,17.87657927013482,Confident,+
402,17.87657927013482,Confident,+
403,17.01750393403809,Confident,+
404,17.01750393403809,Confident,+
405,37.50342942274338,Confident,+
406,88.21854290812483,Confident,++
407,47.15551717841987,Confident,+
408,11.483043914748036,Confident,+
409,11.483043914748036,Confident,+
410,29.03242428535772,Confident,+
411,15.30116184494045,Confident,+
412,7.7736026797135125,Confident,+
413,30.735913845354986,Confident,+
414,31.604729634267688,Confident,+
415,15.249352639052209,Confident,+
416,15.249352639052209,Confident,+
417,42.44916309936981,Confident,+
418,49.834897419612595,Confident,+
419,155.56986950411996,Confident,++
420,81.25805518249732,Confident,++
421,77.36900629650388,Confident,++
422,41.972606974481785,Confident,+
423,3.8220051987354267,Confident,+
424,134.07735840181172,Confident,++
425,338.2765528921822,Confident,++
426,185.4929376951265,Confident,++
427,257.49860670826826,Confident,++
428,389.5948584485236,Confident,++
429,409.8883115988589,Confident,++
430,402.1699622848913,Confident,++
431,352.33928961229566,Confident,++
432,75.20502241931162,Confident,++
433,98.93214447142948,Confident,++
434,192.66128944397468,Confident,++
435,49.80704032003188,Confident,+
436,8.392949928758012,Confident,+
437,8.392949928758012,Confident,+
438,34.90040459094213,Confident,+
439,30.44262005503661,Confident,+
440,13.134299504757204,Confident,+
441,33.83380120566826,Confident,+
442,13.581736148737942,Confident,+
443,46.56639832628662,Confident,+
444,36.18401950798363,Confident,+
445,2.103681291584473,Confident,+
446,1.975060075306467,Confident,+
447,1.975060075306467,Confident,+
448,8.881228533308382,Confident,+
449,1.6702671502457314,Confident,+
450,2.474474839650462,Confident,+
451,23.09427503385208,Confident,+
452,35.975102030295254,Confident,+
453,10.246207638307432,Confident,+
454,55.46540517655524,Confident,++
455,28.494589087714267,Confident,+
456,8.59345291243433,Confident,+
457,7.555330440877736,Confident,+
458,58.73709748614318,Confident,++
459,34.86867918755311,Confident,+
460,34.86867918755311,Confident,+
461,24.379379759150154,Confident,+
462,7.652804446732416,Confident,+
463,15.672531170398502,Confident,+
464,13.905250247660101,Confident,+
465,9.347478729667428,Confident,+
466,15.716894907986854,Confident,+
467,76.1122247970711,Confident,++
468,65.20806033286054,Confident,++
469,70.22976169478974,Confident,++
470,70.22976169478974,Confident,++
471,49.55692136948959,Confident,+
472,161.67703026167433,Confident,++
473,91.02436035522379,Confident,++
474,11.075478799709565,Confident,+
475,207.53161900560897,Confident,++
476,9.584134948852782,Confident,+
477,73.87290264448907,Confident,++
478,73.87290264448907,Confident,++
479,20.27379084773666,Confident,+
480,41.00710225924841,Confident,+
481,15.16252048897299,Confident,+
482,51.0384974380768,Confident,++
483,51.0384974380768,Confident,++
484,51.0384974380768,Confident,++
485,18.23106513164131,Confident,+
486,32.001354093496644,Confident,+
487,13.971525577881927,Confident,+
488,73.07675264490643,Confident,++
489,194.96293576520833,Confident,++
490,105.04749436699986,Confident,++
491,40.470207413863086,Confident,+
492,48.775402001329425,Confident,+
493,55.649096261075286,Confident,++
494,518.8167177314095,Confident,+++
495,96.66956546416603,Confident,++
496,0.862982127735195,Confident,+
497,0.9829060304088308,Confident,+
498,5.569881379343566,Confident,+
499,14.889886020182761,Confident,+
500,74.61734498793837,Confident,++
501,28.66396068421307,Confident,+
502,27.349653300793115,Confident,+
503,5.736124080562414,Confident,+
504,3.2297887966245646,Confident,+
505,30.83946432235519,Confident,+
506,57.316729985331584,Confident,++
507,51.90519229273902,Confident,++
508,53.287355461386916,Confident,++
509,74.91203076069255,Confident,++
510,402.07370157613644,Confident,++
511,71.00479330706956,Confident,++
512,71.00479330706956,Confident,++
513,54.12304963037211,Confident,++
514,54.12304963037211,Confident,++
515,72.12148445608072,Confident,++
516,72.12148445608072,Confident,++
517,94.74766278169902,Confident,++
518,94.74766278169902,Confident,++
519,37.476022421288896,Confident,+
520,37.476022421288896,Confident,+
521,328.147632625207,Confident,++
522,328.147632625207,Confident,++
523,143.20571305069214,Confident,++
524,143.20571305069214,Confident,++
525,324.8231814395343,Confident,++
526,183.6749543339882,Confident,++
527,49.10170992582645,Confident,+
528,118.94959408954267,Confident,++
529,114.65473375861487,Confident,++
530,252.7968739388258,Confident,++
531,252.7968739388258,Confident,++
532,32.88099444653617,Confident,+
533,40.82340642244091,Confident,+
534,38.68331861097432,Confident,+
535,71.07914816819095,Confident,++
536,54.755894277333496,Confident,++
537,21.363794906935624,Confident,+
538,112.82995860722038,Confident,++
539,127.55316941730985,Confident,++
540,19.84006031632924,Confident,+
541,127.55316941730985,Confident,++
542,122.16314814461408,Confident,++
543,20.85570288006791,Confident,+
544,45.749191210098765,Confident,+
545,45.749191210098765,Confident,+
546,125.9822195518355,Confident,++
547,125.9822195518355,Confident,++
548,24.312753318056913,Confident,+
549,25.164889635662576,Confident,+
550,25.164889635662576,Confident,+
551,32.6648495210788,Confident,+
552,30.03312723060446,Confident,+
553,103.6758909057138,Confident,++
554,50.15164640739953,Confident,++
555,53.38416796845639,Confident,++
556,24.37856520302211,Confident,+
557,54.05169807600034,Confident,++
558,50.361223060332314,Confident,++
559,24.066356905729766,Confident,+
560,24.132669065629074,Confident,+
561,24.066356905729766,Confident,+
562,26.215460524315404,Confident,+
563,22.918102424335927,Confident,+
564,22.918102424335927,Confident,+
565,97.72624891463954,Confident,++
566,24.132669065629074,Confident,+
567,49.57543994402563,Confident,+
568,84.86353426549113,Confident,++
569,147.28288643096587,Confident,++
570,21.11479189086847,Confident,+
571,26.258307782396685,Confident,+
572,21.98021777450453,Confident,+
573,13.960874311118689,Confident,+
574,174.624916122494,Confident,++
575,42.93934507632679,Confident,+
576,125.99862189224845,Confident,++
577,389.94241035642864,Confident,++
578,403.20277421413977,Confident,++
579,48.77683128127086,Confident,+
580,124.50928454979423,Confident,++
581,376.1372200453379,Confident,++
582,406.9423921691348,Confident,++
583,289.3210902845998,Confident,++
584,151.5908933065138,Confident,++
585,371.5652997844805,Confident,++
586,11.5506121461731,Confident,+
587,54.38522133378888,Confident,++
588,42.23810137102544,Confident,+
589,5.961227375745937,Confident,+
590,32.858124124372836,Confident,+
591,32.858124124372836,Confident,+
592,19.83854094755321,Confident,+
593,42.23810137102544,Confident,+
594,100.73023114714836,Confident,++
595,53.06467924679044,Confident,++
596,67.3628367069234,Confident,++
597,58.016378884365274,Confident,++
598,70.31342686107008,Confident,++
599,51.838194165984675,Confident,++
600,54.21800042628772,Confident,++
601,39.80484499758344,Confident,+
602,58.18182081205743,Confident,++
603,17.430947843829745,Confident,+
604,75.5489137698339,Confident,++
605,44.41455464295945,Confident,+
606,54.040078493419756,Confident,++
607,13.624604573603259,Confident,+
608,13.624604573603259,Confident,+
609,9.220927856147677,Confident,+
610,19.495906229891748,Confident,+
611,14.25906679756796,Confident,+
612,14.25906679756796,Confident,+
613,18.803838124463496,Confident,+
614,11.78044084933993,Confident,+
615,12.48752116156859,Confident,+
616,236.44615580817612,Confident,++
617,48.20145619410111,Confident,+
618,15.596077059405136,Confident,+
619,12.198310864431575,Confident,+
620,20.481084257477434,Confident,+
621,17.47373244658933,Confident,+
622,17.47373244658933,Confident,+
623,108.2661631084548,Confident,++
624,22.849052841541674,Confident,+
625,299.79156778175854,Confident,++
626,299.79156778175854,Confident,++
627,299.79156778175854,Confident,++
628,146.06576850239395,Confident,++
629,146.06576850239395,Confident,++
630,23.43573240520575,Confident,+
631,40.420801661759846,Confident,+
632,16.580870112094754,Confident,+
633,21.01219548493318,Confident,+
634,46.51883971490503,Confident,+
635,79.53600265555728,Confident,++
636,79.53600265555728,Confident,++
637,8.074910413661799,Confident,+
638,8.074910413661799,Confident,+
639,27.807487589321536,Confident,+
640,34.13914414558574,Confident,+
641,15.991568856028472,Confident,+
642,15.991568856028472,Confident,+
643,15.991568856028472,Confident,+
644,44.96562158920567,Confident,+
645,70.1427159219146,Confident,++
646,44.96562158920567,Confident,+
647,15.039269787729479,Confident,+
648,29.54155571473433,Confident,+
649,28.588393981382055,Confident,+
650,45.00869813486903,Confident,+
651,45.00869813486903,Confident,+
652,32.27353136377068,Confident,+
653,110.22603116178527,Confident,++
654,58.77589365547599,Confident,++
655,29.733547007073124,Confident,+
656,31.16889991431759,Confident,+
657,12.660598460325028,Confident,+
658,34.78221752320494,Confident,+
659,34.830927829474746,Confident,+
660,29.534821298492922,Confident,+
661,27.302652877156532,Confident,+
662,12.550249700212769,Confident,+
663,13.923845168426805,Confident,+
664,202.40921863229684,Confident,++
665,187.09313640938785,Confident,++
666,471.4028607903016,Confident,++
667,548.2852135820286,Confident,+++
668,548.2852135820286,Confident,+++
669,227.21656072449125,Confident,++
670,297.80346821189926,Confident,++
671,49.13924578362756,Confident,+
672,125.11970156780879,Confident,++
673,112.4801712582223,Confident,++
674,22.58701071227142,Confident,+
675,42.55845630797617,Confident,+
676,35.215975163080905,Confident,+
677,15.950638002346285,Confident,+
678,18.56682679163083,Confident,+
679,27.31917710891097,Confident,+
680,50.15164640739953,Confident,++
681,171.86895134926652,Confident,++
682,18.796579691669674,Confident,+
683,19.52313891059735,Confident,+
684,25.26217934818595,Confident,+
685,33.17774470528637,Confident,+
686,41.637106751909705,Confident,+
687,18.832785717128864,Confident,+
688,18.832785717128864,Confident,+
689,18.832785717128864,Confident,+
690,16.55424346048906,Confident,+
691,12.787745548337915,Confident,+
692,40.328156225825424,Confident,+
693,14.7522081070248,Confident,+
694,14.7522081070248,Confident,+
695,17.924767789173725,Confident,+
696,17.063669916591248,Confident,+
697,17.063669916591248,Confident,+
698,17.063669916591248,Confident,+
699,6.2213640099453995,Confident,+
700,51.54539466718353,Confident,++
701,46.4913738421644,Confident,+
702,3.109177777942682,Confident,+
703,10.38264197301834,Confident,+
704,150.5559012708338,Confident,++
705,39.22877789514381,Confident,+
706,83.42181744067891,Confident,++
707,267.67290980951975,Confident,++
708,24.183656567397303,Confident,+
709,23.13359386177858,Confident,+
710,25.42704766986984,Confident,+
711,30.572764145646108,Confident,+
712,77.08008757447446,Confident,++
713,70.64309976858489,Confident,++
714,166.04928880160162,Confident,++
715,31.70814893945299,Confident,+
716,31.70814893945299,Confident,+
717,22.69836714519992,Confident,+
718,7.928191596314293,Confident,+
719,6.318330109866135,Confident,+
720,35.571814356999475,Confident,+
721,8.79656534530251,Confident,+
722,31.99412674511408,Confident,+
723,31.99412674511408,Confident,+
724,45.8188771087147,Confident,+
725,22.28896569860806,Confident,+
726,63.52987884425485,Confident,++
727,5.626600870269089,Confident,+
728,10.054067650030376,Confident,+
729,7.799845985790638,Confident,+
730,8.007384911107424,Confident,+
731,63.52987884425485,Confident,++
732,40.74041659107866,Confident,+
733,28.828878981287993,Confident,+
734,22.590263272234772,Confident,+
735,19.37302826818662,Confident,+
736,48.553988873902284,Confident,+
737,26.205792138931514,Confident,+
738,24.190375471301795,Confident,+
739,35.80301014118447,Confident,+
740,35.80301014118447,Confident,+
741,383.5156824539802,Confident,++
742,74.28912502852008,Confident,++
743,61.05001421594943,Confident,++
744,31.453923537681227,Confident,+
745,34.562422479189586,Confident,+
746,34.562422479189586,Confident,+
747,10.58088051109536,Confident,+
748,0.5095341082556635,Confident,+
749,1.330600536673934,Confident,+
750,51.86150729031775,Confident,++
751,15.860325619478147,Confident,+
752,39.47451873570199,Confident,+
753,16.313338370145136,Confident,+
754,34.96826607140704,Confident,+
755,29.91696933523572,Confident,+
756,39.50946916418791,Confident,+
757,72.13141937109788,Confident,++
758,77.10767462658009,Confident,++
759,77.10767462658009,Confident,++
760,66.53884833221785,Confident,++
761,23.500793962775248,Confident,+
762,77.0167514293564,Confident,++
763,20.127656026559656,Confident,+
764,2.037024797303235,Confident,+
765,2.037024797303235,Confident,+
766,2.037024797303235,Confident,+
767,12.487318400699532,Confident,+
768,18.882341022182967,Confident,+
769,12.236427912917641,Confident,+
770,20.081566916918643,Confident,+
771,42.90779070507647,Confident,+
772,44.58053913123868,Confident,+
773,60.35880896256966,Confident,++
774,3.3400970658524867,Confident,+
775,0.5095341082556635,Confident,+
776,105.15268027413232,Confident,++
777,16.51491987416441,Confident,+
778,60.52508625105465,Confident,++
779,17.01938991150464,Confident,+
780,17.01938991150464,Confident,+
781,17.01938991150464,Confident,+
782,42.85324554266428,Confident,+
783,38.224669064979686,Confident,+
784,39.56814159332342,Confident,+
785,23.785001068104272,Confident,+
786,19.156343565113502,Confident,+
787,19.156343565113502,Confident,+
788,34.76173786081347,Confident,+
789,30.82501019095728,Confident,+
790,28.14685721498178,Confident,+
791,28.892056423228127,Confident,+
792,41.22307374059992,Confident,+
793,41.22307374059992,Confident,+
794,41.22307374059992,Confident,+
795,41.22307374059992,Confident,+
796,41.22307374059992,Confident,+
797,47.25234780027081,Confident,+
798,47.25234780027081,Confident,+
799,47.25234780027081,Confident,+
800,47.25234780027081,Confident,+
801,110.7222521088196,Confident,++
802,110.7222521088196,Confident,++
803,47.13758693122859,Confident,+
804,41.36504317585153,Confident,+
805,48.06071438265064,Confident,+
806,59.88832931512663,Confident,++
807,9.432814831150669,Confident,+
808,1.8481497806093043,Confident,+
809,2.037584500862811,Confident,+
810,47.80124290056611,Confident,+
811,63.54235840518529,Confident,++
812,33.92362630845193,Confident,+
813,17.116037846130887,Confident,+
814,40.78754411884462,Confident,+
815,68.09610422496914,Confident,++
816,29.01713122924673,Confident,+
817,25.16350028750717,Confident,+
818,38.46007571944087,Confident,+
819,19.822148210585446,Confident,+
820,30.771270226994723,Confident,+
821,28.72058797410572,Confident,+
822,13.326472057367345,Confident,+
823,189.29461535977148,Confident,++
824,28.72058797410572,Confident,+
825,19.78254991006632,Confident,+
826,11.334860835992194,Confident,+
827,34.15344533500735,Confident,+
828,34.15344533500735,Confident,+
829,3.4645955866393456,Confident,+
830,16.44617321162955,Confident,+
831,22.504732802996042,Confident,+
832,10.111801010017343,Confident,+
833,39.57122434859648,Confident,+
834,3.8723756068376396,Confident,+
835,11.655098141801368,Confident,+
836,62.47543657317634,Confident,++
837,161.65905578564642,Confident,++
838,17.6369858795952,Confident,+
839,3.8990528488831955,Confident,+
840,63.77122643520711,Confident,++
841,66.7868379852305,Confident,++
842,14.151087428743539,Confident,+
843,3.1470936968605163,Confident,+
844,8.156127073127864,Confident,+
845,25.459729725215077,Confident,+
846,17.916233264903315,Confident,+
847,28.30537183925997,Confident,+
848,3.212315585849167,Confident,+
849,13.800945295802075,Confident,+
850,28.72058797410572,Confident,+
851,11.655098141801368,Confident,+
852,11.655098141801368,Confident,+
853,33.83938341815305,Confident,+
854,16.657026071205387,Confident,+
855,36.63801404141824,Confident,+
856,43.22075299423249,Confident,+
857,43.22075299423249,Confident,+
858,43.22075299423249,Confident,+
859,16.657026071205387,Confident,+
860,33.83938341815305,Confident,+
861,16.657026071205387,Confident,+
862,22.504732802996042,Confident,+
863,35.693407665696014,Confident,+
864,32.169740039434835,Confident,+
865,32.169740039434835,Confident,+
866,49.50014342843294,Confident,+
867,31.8309220493241,Confident,+
868,31.8309220493241,Confident,+
869,16.721563745443397,Confident,+
870,43.16779629868945,Confident,+
871,43.16779629868945,Confident,+
872,19.909884771320414,Confident,+
873,10.051297556612333,Confident,+
874,19.14687565006189,Confident,+
875,38.3499162735056,Confident,+
876,19.78254991006632,Confident,+
877,38.46007571944087,Confident,+
878,38.46007571944087,Confident,+
879,19.822148210585446,Confident,+
880,8.313208303612392,Confident,+
881,8.295497008049905,Confident,+
882,50.32115309511622,Confident,++
883,10.051297556612333,Confident,+
884,15.40343233908602,Confident,+
885,74.00659041510468,Confident,++
886,44.28957973178394,Confident,+
887,68.71930902673603,Confident,++
888,39.21771890708369,Confident,+
889,31.17739783349257,Confident,+
890,46.19822478447731,Confident,+
891,28.6882577307168,Confident,+
892,44.45302856986503,Confident,+
893,33.80443016332074,Confident,+
894,21.38319388669975,Confident,+
895,42.49021449875883,Confident,+
896,40.330696386770285,Confident,+
897,6.025684232702141,Confident,+
898,113.25803420222972,Confident,++
899,2.981379284393777,Confident,+
900,2.981379284393777,Confident,+
901,24.355533383636402,Confident,+
902,43.43001784377769,Confident,+
903,28.727602453208824,Confident,+
904,33.57574327730004,Confident,+
905,18.065387372074333,Confident,+
906,18.065387372074333,Confident,+
907,89.39989523182251,Confident,++
908,43.05810775885502,Confident,+
909,35.24302316499477,Confident,+
910,43.43001784377769,Confident,+
911,44.45302856986503,Confident,+
912,44.45302856986503,Confident,+
913,56.82617610408989,Confident,++
914,158.90865887144776,Confident,++
915,192.03866010507033,Confident,++
916,35.740888296474864,Confident,+
917,4.254203940055501,Confident,+
918,8.965285276946991,Confident,+
919,4.172849848910655,Confident,+
920,62.897247022027436,Confident,++
921,39.76091961256893,Confident,+
922,42.526086520997566,Confident,+
923,130.70269405739,Confident,++
924,27.902903654560454,Confident,+
925,25.399538852084618,Confident,+
926,52.35128380542487,Confident,++
927,200.338823513594,Confident,++
928,65.64313139520925,Confident,++
929,29.83353804488573,Confident,+
930,24.521957004936205,Confident,+
931,21.08025164645601,Confident,+
932,38.14951928615106,Confident,+
933,28.397752682536808,Confident,+
934,65.66896071389779,Confident,++
935,208.679515462051,Confident,++
936,65.66896071389779,Confident,++
937,31.684415669023785,Confident,+
938,58.32416497504852,Confident,++
939,58.32416497504852,Confident,++
940,52.60359631246632,Confident,++
941,30.771270226994723,Confident,+
942,17.061155183177565,Confident,+
943,17.061155183177565,Confident,+
944,26.046907178997387,Confident,+
945,30.771270226994723,Confident,+
946,45.29903332088189,Confident,+
947,35.63574465441856,Confident,+
948,35.63574465441856,Confident,+
949,22.184021906619815,Confident,+
950,18.46736639042572,Confident,+
951,24.877143273024977,Confident,+
952,17.202749311933683,Confident,+
953,20.89844047699234,Confident,+
954,52.093735718866526,Confident,++
955,11.075110245302898,Confident,+
956,25.362564872015458,Confident,+
957,15.812988449575538,Confident,+
958,30.78574276647076,Confident,+
959,29.08976006052589,Confident,+
960,19.41324920052882,Confident,+
961,29.090329701245743,Confident,+
962,12.409035339694341,Confident,+
963,60.63505890964048,Confident,++
964,69.23518301101983,Confident,++
965,69.74726482201595,Confident,++
966,14.489136228126595,Confident,+
967,48.46229337186604,Confident,+
968,41.1281521832575,Confident,+
969,34.88780599671874,Confident,+
970,18.232700125154494,Confident,+
971,37.58646904964706,Confident,+
972,38.8490136835405,Confident,+
973,37.58646904964706,Confident,+
974,15.78709574302611,Confident,+
975,24.147696696722267,Confident,+
976,45.184111886655515,Confident,+
977,15.28284272087561,Confident,+
978,13.624604573603259,Confident,+
979,13.624604573603259,Confident,+
980,13.672321352952896,Confident,+
981,13.672321352952896,Confident,+
982,17.916233264903315,Confident,+
983,8.722562275591327,Confident,+
984,8.722562275591327,Confident,+
985,8.722562275591327,Confident,+
986,8.722562275591327,Confident,+
987,8.397892478738012,Confident,+
988,8.397892478738012,Confident,+
989,8.90515348203525,Confident,+
990,23.971475182713085,Confident,+
991,89.59092584546329,Confident,++
992,13.831561843679474,Confident,+
993,64.90602591576875,Confident,++
994,49.568960993078676,Confident,+
995,16.14776436809762,Confident,+
996,50.489529683481805,Confident,++
997,25.5474540915623,Confident,+
998,77.83103869921973,Confident,++
999,63.7878040086717,Confident,++
1000,29.029333940457803,Confident,+
1001,33.935562088568176,Confident,+
1002,50.89336709829294,Confident,++
1003,38.63809994904123,Confident,+
1004,112.03625181373461,Confident,++
1005,90.29934254396596,Confident,++
1006,309.4054273079589,Confident,++
1007,85.95832734383127,Confident,++
1008,85.95832734383127,Confident,++
1009,85.95832734383127,Confident,++
1010,85.95832734383127,Confident,++
1011,42.93532834870662,Confident,+
1012,194.12566602831288,Confident,++
1013,85.95832734383127,Confident,++
1014,85.95832734383127,Confident,++
1015,39.37307196558975,Confident,+
1016,39.37307196558975,Confident,+
1017,39.37307196558975,Confident,+
1018,29.184380328326416,Confident,+
1019,103.06604474671035,Confident,++
1020,158.1600811253172,Confident,++
1021,299.85230621701055,Confident,++
1022,36.67689739051186,Confident,+
1023,124.1867865600564,Confident,++
1024,5.611451102783647,Confident,+
1025,21.104861552451162,Confident,+
1026,78.59534739176456,Confident,++
1027,71.17164745878473,Confident,++
1028,239.9288994355089,Confident,++
1029,74.16750139799075,Confident,++
1030,84.43184968299583,Confident,++
1031,43.62573863558445,Confident,+
1032,109.76298033571314,Confident,++
1033,164.67671292676775,Confident,++
1034,34.67900896226249,Confident,+
1035,321.5577926211515,Confident,++
1036,347.1564089986819,Confident,++
1037,103.20862471847492,Confident,++
1038,103.20862471847492,Confident,++
1039,103.20862471847492,Confident,++
1040,103.20862471847492,Confident,++
1041,103.20862471847492,Confident,++
1042,103.20862471847492,Confident,++
1043,130.30645632247484,Confident,++
1044,130.30645632247484,Confident,++
1045,130.30645632247484,Confident,++
1046,130.30645632247484,Confident,++
1047,103.20862471847492,Confident,++
1048,103.20862471847492,Confident,++
1049,103.20862471847492,Confident,++
1050,103.20862471847492,Confident,++
1051,130.30645632247484,Confident,++
1052,103.20862471847492,Confident,++
1053,13.087999107252289,Confident,+
1054,18.14641229073846,Confident,+
1055,19.665541066148382,Confident,+
1056,30.54352155986676,Confident,+
1057,28.509385975184053,Confident,+
1058,683.5165463765572,Confident,+++
1059,48.785409177413214,Confident,+
1060,35.07383581397319,Confident,+
1061,13.532501745031366,Confident,+
1062,13.532501745031366,Confident,+
1063,31.510894154462274,Confident,+
1064,33.90354825255698,Confident,+
1065,33.90354825255698,Confident,+
1066,33.90354825255698,Confident,+
1067,30.90560200153325,Confident,+
1068,14.393062348628948,Confident,+
1069,17.119882375515743,Confident,+
1070,45.867589995958106,Confident,+
1071,77.71765560783028,Confident,++
1072,1.8921719203171192,Confident,+
1073,1.8921719203171192,Confident,+
1074,36.24870196452229,Confident,+
1075,36.24870196452229,Confident,+
1076,1.801210336893568,Confident,+
1077,3.402400423565196,Confident,+
1078,18.551405158639152,Confident,+
1079,226.98994629798986,Confident,++
1080,197.5690174631989,Confident,++
1081,185.95951774040782,Confident,++
1082,262.0914654682931,Confident,++
1083,58.57766575650311,Confident,++
1084,58.57766575650311,Confident,++
1085,21.030118176339485,Confident,+
1086,24.026055422985017,Confident,+
1087,23.66536400198091,Confident,+
1088,13.356699276413911,Confident,+
1089,13.356699276413911,Confident,+
1090,13.356699276413911,Confident,+
1091,178.0198984619325,Confident,++
1092,178.0198984619325,Confident,++
1093,85.1778489203029,Confident,++
1094,16.68757355847263,Confident,+
1095,220.6882995611295,Confident,++
1096,22.870664431330116,Confident,+
1097,12.234654428071071,Confident,+
1098,125.77634103038301,Confident,++
1099,84.14216635977296,Confident,++
1100,226.64763416531991,Confident,++
1101,48.40983539416691,Confident,+
1102,180.3413483996186,Confident,++
1103,23.82800324554223,Confident,+
1104,73.45365687168545,Confident,++
1105,116.94721072014411,Confident,++
1106,116.94721072014411,Confident,++
1107,7.858541580895659,Confident,+
1108,79.96539035255326,Confident,++
1109,41.77369969769237,Confident,+
1110,35.86301429006797,Confident,+
1111,566.671346669681,Confident,+++
1112,7.796905391060915,Confident,+
1113,7.4642608515221465,Confident,+
1114,19.382062234878386,Confident,+
1115,43.03097279295796,Confident,+
1116,217.60847851248815,Confident,++
1117,324.1633152586591,Confident,++
1118,319.6495428403026,Confident,++
1119,307.59802960889823,Confident,++
1120,326.09964475600725,Confident,++
1121,326.09964475600725,Confident,++
1122,188.1047078102307,Confident,++
1123,149.66153011501189,Confident,++
1124,58.16288010932239,Confident,++
1125,53.62710644730559,Confident,++
1126,44.694179600073625,Confident,+
1127,7.166747430795802,Confident,+
1128,54.14003905253417,Confident,++
1129,113.57247372614738,Confident,++
1130,32.41589367325378,Confident,+
1131,299.09000612980753,Confident,++
1132,92.04801941517363,Confident,++
1133,28.6882577307168,Confident,+
1134,57.43484435010669,Confident,++
1135,27.40170990461189,Confident,+
1136,27.40170990461189,Confident,+
1137,8.867237966291203,Confident,+
1138,22.60448581968429,Confident,+
1139,45.20868996408747,Confident,+
1140,8.165501905502468,Confident,+
1141,204.73621228853318,Confident,++
1142,72.64832005328033,Confident,++
1143,32.04992560112184,Confident,+
1144,36.963635546104044,Confident,+
1145,16.077977592737504,Confident,+
1146,30.71313752453031,Confident,+
1147,10.21841364371789,Confident,+
1148,21.252885091281197,Confident,+
1149,25.59050827120308,Confident,+
1150,7.1736896528776795,Confident,+
1151,23.828762422588,Confident,+
1152,14.944694225819322,Confident,+
1153,53.6941589677585,Confident,++
1154,34.394408835665814,Confident,+
1155,5.524388792900469,Confident,+
1156,19.733037773443765,Confident,+
1157,52.15070799212009,Confident,++
1158,45.85055727761108,Confident,+
1159,55.49703133032817,Confident,++
1160,54.35198577224308,Confident,++
1161,74.25440921548216,Confident,++
1162,50.6655210730503,Confident,++
1163,12.357278953259845,Confident,+
1164,33.91370501237361,Confident,+
1165,45.3226934485086,Confident,+
1166,21.99045965450692,Confident,+
1167,71.08546508023909,Confident,++
1168,78.14143202781173,Confident,++
1169,316.1282718057086,Confident,++
1170,223.80103451482086,Confident,++
1171,115.77682414459481,Confident,++
1172,160.14520435350758,Confident,++
1173,204.39858625761548,Confident,++
1174,138.58128588448298,Confident,++
1175,129.54398226813245,Confident,++
1176,45.54990944318024,Confident,+
1177,96.02328258031054,Confident,++
1178,78.16828520002115,Confident,++
1179,78.16828520002115,Confident,++
1180,67.6017187345028,Confident,++
1181,52.83650938176401,Confident,++
1182,79.05602851577123,Confident,++
1183,4.76855738156444,Confident,+
1184,36.74265091276448,Confident,+
1185,111.56946038837211,Confident,++
1186,10.917337283127582,Confident,+
1187,177.0991119116209,Confident,++
1188,19.372751458470674,Confident,+
1189,3.1470936968605163,Confident,+
1190,27.23903424575374,Confident,+
1191,29.72907208845854,Confident,+
1192,23.735196758084683,Confident,+
1193,212.65299641469417,Confident,++
1194,33.11311878644041,Confident,+
1195,7.1736896528776795,Confident,+
1196,61.15586948997768,Confident,++
1197,186.27344694216126,Confident,++
1198,149.4158737907841,Confident,++
1199,176.54994352135276,Confident,++
1200,108.13110631533759,Confident,++
1201,280.31859984886864,Confident,++
1202,14.506186235948988,Confident,+
1203,9.22181060952287,Confident,+
1204,9.416203685472297,Confident,+
1205,398.5967986257744,Confident,++
1206,105.65607173257223,Confident,++
1207,3.375322929082072,Confident,+
1208,49.94272220978324,Confident,+
1209,28.47392489507008,Confident,+
1210,51.54539466718353,Confident,++
1211,22.79917215981644,Confident,+
1212,22.79917215981644,Confident,+
1213,49.73561677881589,Confident,+
1214,17.535786042760996,Confident,+
1215,17.535786042760996,Confident,+
1216,25.531981402171137,Confident,+
1217,86.9654595625241,Confident,++
1218,88.19298498414543,Confident,++
1219,7.644509760894572,Confident,+
1220,4.760296446317999,Confident,+
1221,0.7164391167681194,Confident,+
1222,4.354080487604597,Confident,+
1223,12.487318400699532,Confident,+
1224,9.54973788397587,Confident,+
1225,11.15843503246587,Confident,+
1226,41.00333253759855,Confident,+
1227,44.694179600073625,Confident,+
1228,139.80865851070172,Confident,++
1229,26.71963571445838,Confident,+
1230,5.850234097342199,Confident,+
1231,23.86967785185393,Confident,+
1232,25.08919826744233,Confident,+
1233,185.65829603397694,Confident,++
1234,53.3817987338022,Confident,++
1235,50.90510811330557,Confident,++
1236,43.10189877178752,Confident,+
1237,43.10189877178752,Confident,+
1238,43.10189877178752,Confident,+
1239,115.79687311186184,Confident,++
1240,115.79687311186184,Confident,++
1241,35.558206506773956,Confident,+
1242,37.68803835085211,Confident,+
1243,37.68803835085211,Confident,+
1244,50.527503453044204,Confident,++
1245,6.8606584842329275,Confident,+
1246,6.8606584842329275,Confident,+
1247,6.8606584842329275,Confident,+
1248,11.824708158503306,Confident,+
1249,4.760296446317999,Confident,+
1250,4.760296446317999,Confident,+
1251,6.8606584842329275,Confident,+
1252,30.675270568505187,Confident,+
1253,21.457899535245726,Confident,+
1254,21.457899535245726,Confident,+
1255,309.63039853270243,Confident,++
1256,309.63039853270243,Confident,++
1257,99.61789704911321,Confident,++
1258,99.61789704911321,Confident,++
1259,99.61789704911321,Confident,++
1260,99.61789704911321,Confident,++
1261,24.76023539320329,Confident,+
1262,24.76023539320329,Confident,+
1263,398.5967986257744,Confident,++
1264,31.020003947596845,Confident,+
1265,45.31060770139813,Confident,+
1266,78.16828520002115,Confident,++
1267,279.71722044632367,Confident,++
1268,77.43776811090216,Confident,++
1269,89.2894513675323,Confident,++
1270,156.82540001896498,Confident,++
1271,81.43003698055274,Confident,++
1272,123.90412557948001,Confident,++
1273,139.67410604312263,Confident,++
1274,85.1778489203029,Confident,++
1275,39.961483556232906,Confident,+
1276,174.55076855539446,Confident,++
1277,13.795091520897653,Confident,+
1278,224.1783048828006,Confident,++
1279,238.01725172262965,Confident,++
1280,15.5000367408862,Confident,+
1281,83.88982633993486,Confident,++
1282,40.232105028355136,Confident,+
1283,53.157072867161766,Confident,++
1284,98.20444316896075,Confident,++
1285,64.81202979935495,Confident,++
1286,41.65074728143889,Confident,+
1287,73.86779874817495,Confident,++
1288,54.154045748765704,Confident,++
1289,54.154045748765704,Confident,++
1290,447.99177499874276,Confident,++
1291,33.38843675569527,Confident,+
1292,33.38843675569527,Confident,+
1293,29.90084096855,Confident,+
1294,47.327840936740394,Confident,+
1295,44.145109479219556,Confident,+
1296,44.68664145810682,Confident,+
1297,26.039301908175815,Confident,+
1298,34.72601314302675,Confident,+
1299,360.72770541667836,Confident,++
1300,99.54203809320677,Confident,++
1301,80.91522095724318,Confident,++
1302,82.43323379694004,Confident,++
1303,58.414297054813694,Confident,++
1304,18.919080048240456,Confident,+
1305,9.69108666835538,Confident,+
1306,18.231326213055628,Confident,+
1307,5.715100194905374,Confident,+
1308,5.715100194905374,Confident,+
1309,24.107787090191,Confident,+
1310,31.751487090313073,Confident,+
1311,17.31757877808105,Confident,+
1312,15.965524689497835,Confident,+
1313,502.7581289971128,Confident,+++
1314,295.8801464191549,Confident,++
1315,448.95946296878367,Confident,++
1316,52.337027396775945,Confident,++
1317,48.40983539416691,Confident,+
1318,21.232278785293133,Confident,+
1319,4.5844519147850376,Confident,+
1320,14.6393696234539,Confident,+
1321,15.219765779838097,Confident,+
1322,7.221462694150496,Confident,+
1323,6.601383423685481,Confident,+
1324,21.495556940762636,Confident,+
1325,61.12609290210723,Confident,++
1326,139.6400060319765,Confident,++
1327,42.07769225942479,Confident,+
1328,101.34982881055444,Confident,++
1329,88.9788434054694,Confident,++
1330,45.402081162535694,Confident,+
1331,44.145109479219556,Confident,+
1332,44.81509594074107,Confident,+
1333,45.98823250186388,Confident,+
1334,48.758234577105284,Confident,+
1335,219.43253090947596,Confident,++
1336,22.202798919043918,Confident,+
1337,11.02171354533926,Confident,+
1338,52.51582879867722,Confident,++
1339,76.54111433346485,Confident,++
1340,24.084216369785004,Confident,+
1341,17.33065989743748,Confident,+
1342,10.732818670293623,Confident,+
1343,3.8723756068376396,Confident,+
1344,13.800945295802075,Confident,+
1345,13.800945295802075,Confident,+
1346,8.295497008049905,Confident,+
1347,18.94628676328394,Confident,+
1348,36.3227351525481,Confident,+
1349,11.334860835992194,Confident,+
1350,8.629200237835075,Confident,+
1351,11.143877619113743,Confident,+
1352,19.14687565006189,Confident,+
1353,10.438479433736301,Confident,+
1354,67.44062948491717,Confident,++
1355,67.44062948491717,Confident,++
1356,67.44062948491717,Confident,++
1357,101.60991832525966,Confident,++
1358,21.550486548858675,Confident,+
1359,50.066204001297095,Confident,++
1360,92.7455070455557,Confident,++
1361,26.751018267882603,Confident,+
1362,61.998652553359115,Confident,++
1363,31.46812698817403,Confident,+
1364,6.2257780959791615,Confident,+
1365,87.83322208361247,Confident,++
1366,87.29622954943909,Confident,++
1367,135.49109713983052,Confident,++
1368,26.65045028204709,Confident,+
1369,183.56138079297972,Confident,++
1370,37.99049966868377,Confident,+
1371,35.80690759390015,Confident,+
1372,69.87103488156515,Confident,++
1373,123.40732600860183,Confident,++
1374,99.95886427558128,Confident,++
1375,142.93108750472211,Confident,++
1376,214.99974506810082,Confident,++
1377,30.147535533185422,Confident,+
1378,56.37542167729217,Confident,++
1379,63.855732398855984,Confident,++
1380,203.70396140746055,Confident,++
1381,37.99049966868377,Confident,+
1382,63.855732398855984,Confident,++
1383,25.64216869643548,Confident,+
1384,448.91671810167,Confident,++
1385,88.17140903127155,Confident,++
1386,21.233288215147816,Confident,+
1387,108.78024476408092,Confident,++
1388,179.65285243382,Confident,++
1389,166.04928880160162,Confident,++
1390,21.59134793738151,Confident,+
1391,67.9915958630968,Confident,++
1392,67.9915958630968,Confident,++
1393,121.38639843250613,Confident,++
1394,121.38639843250613,Confident,++
1395,81.49056049333758,Confident,++
1396,81.49056049333758,Confident,++
1397,25.10711185696428,Confident,+
1398,51.34930389258506,Confident,++
1399,45.61757777402676,Confident,+
1400,20.265747374616115,Confident,+
1401,22.313342578173675,Confident,+
1402,220.87748713867416,Confident,++
1403,39.5317409254681,Confident,+
1404,46.79716515621242,Confident,+
1405,107.03367788935289,Confident,++
1406,107.03367788935289,Confident,++
1407,107.03367788935289,Confident,++
1408,126.44017975507651,Confident,++
1409,103.26225541025435,Confident,++
1410,274.7759982393617,Confident,++
1411,64.18052622131765,Confident,++
1412,50.67909414552783,Confident,++
1413,53.26207013336868,Confident,++
1414,5.465356963351083,Confident,+
1415,5.465356963351083,Confident,+
1416,96.66733452297001,Confident,++
1417,50.00186320561555,Confident,++
1418,49.94650151032924,Confident,+
1419,49.94650151032924,Confident,+
1420,39.08017941713462,Confident,+
1421,69.54676792114542,Confident,++
1422,87.22662050033806,Confident,++
1423,48.80302428874765,Confident,+
1424,47.14839184937444,Confident,+
1425,43.08437450662965,Confident,+
1426,153.2336925815045,Confident,++
1427,825.7151360758129,Confident,+++
1428,609.6315559640472,Confident,+++
1429,712.3819632980899,Confident,+++
1430,5.808144677106303,Confident,+
1431,5.808144677106303,Confident,+
1432,6.672867952701206,Confident,+
1433,36.146324181011074,Confident,+
1434,53.06023097416133,Confident,++
1435,129.1680357293234,Confident,++
1436,1.67563820067525,Confident,+
1437,0.601140736844623,Confident,+
1438,25.00312760920935,Confident,+
1439,22.641478534106806,Confident,+
1440,223.5812760197803,Confident,++
1441,49.19765261837422,Confident,+
1442,49.19765261837422,Confident,+
1443,100.85049983780807,Confident,++
1444,510.9602551813224,Confident,+++
1445,510.9602551813224,Confident,+++
1446,228.28051642525955,Confident,++
1447,228.28051642525955,Confident,++
1448,51.0384974380768,Confident,++
1449,240.1394936388988,Confident,++
1450,2.2674911824078743,Confident,+
1451,2.2674911824078743,Confident,+
1452,17.851194993165183,Confident,+
1453,9.262425390888081,Confident,+
1454,31.169971641566427,Confident,+
1455,88.82170788537859,Confident,++
1456,210.9796787745452,Confident,++
1457,88.43186888058115,Confident,++
1458,46.20398096252652,Confident,+
1459,10.05395906348098,Confident,+
1460,349.7495820992234,Confident,++
1461,59.57365421419294,Confident,++
1462,112.75797939401222,Confident,++
1463,55.17907224820313,Confident,++
1464,46.46463993100379,Confident,+
1465,95.98205259900863,Confident,++
1466,223.5812760197803,Confident,++
1467,131.91524064343596,Confident,++
1468,38.139251040969725,Confident,+
1469,124.91967359446807,Confident,++
1470,25.51722969216643,Confident,+
1471,52.50534638228165,Confident,++
1472,19.845175856432242,Confident,+
1473,25.261055356571,Confident,+
1474,9.388396075667224,Confident,+
1475,9.798374257213636,Confident,+
1476,95.30780188091205,Confident,++
1477,95.30780188091205,Confident,++
1478,17.01938991150464,Confident,+
1479,136.44780857381988,Confident,++
1480,43.10189877178752,Confident,+
1481,20.03330550485811,Confident,+
1482,9.190814630282114,Confident,+
1483,84.7755930944683,Confident,++
1484,6.5279857186920305,Confident,+
1485,7.104259753731915,Confident,+
1486,101.77081165716908,Confident,++
1487,10.293134591720698,Confident,+
1488,10.293134591720698,Confident,+
1489,50.614979559547855,Confident,++
1490,42.55639190630656,Confident,+
1491,27.84334136022717,Confident,+
1492,27.69713975069143,Confident,+
1493,27.49529002232267,Confident,+
1494,21.442522028056132,Confident,+
1495,21.442522028056132,Confident,+
1496,28.892056423228127,Confident,+
1497,8.086830129055185,Confident,+
1498,134.36601736983505,Confident,++
1499,25.665886480433183,Confident,+
1500,101.03747418813924,Confident,++
1501,34.068744969658546,Confident,+
1502,139.80865851070172,Confident,++
1503,10.917337283127582,Confident,+
1504,9.456199918662346,Confident,+
1505,18.57266544182987,Confident,+
1506,21.043234082552324,Confident,+
1507,84.73471609776219,Confident,++
1508,88.9788434054694,Confident,++
1509,29.471701495007746,Confident,+
1510,47.112730962383566,Confident,+
1511,88.9788434054694,Confident,++
1512,16.657026071205387,Confident,+
1513,43.22906792987526,Confident,+
1514,33.35661698537639,Confident,+
1515,9.3759987916276,Confident,+
1516,12.269479647763813,Confident,+
1517,17.061155183177565,Confident,+
1518,18.46708585232579,Confident,+
1519,7.733945694366709,Confident,+
1520,124.11300961671272,Confident,++
1521,93.52525287693149,Confident,++
1522,43.22906792987526,Confident,+
1523,8.205540752250167,Confident,+
1524,47.72280988124554,Confident,+
1525,17.53624537133151,Confident,+
1526,16.23559814496017,Confident,+
1527,20.51652085019625,Confident,+
1528,1030.8940050999302,Confident,+++
1529,12.591830745031594,Confident,+
1530,49.28238173766461,Confident,+
1531,45.29118383470523,Confident,+
1532,20.449496916002946,Confident,+
1533,28.72058797410572,Confident,+
1534,91.55407668371278,Confident,++
1535,90.18145006883015,Confident,++
1536,465.13162069646467,Confident,++
1537,465.13162069646467,Confident,++
1538,20.03330550485811,Confident,+
1539,20.03330550485811,Confident,+
1540,241.6156137948191,Confident,++
1541,14.268404781656685,Confident,+
1542,76.96809115745712,Confident,++
1543,76.96809115745712,Confident,++
1544,16.602503767318115,Confident,+
1545,16.602503767318115,Confident,+
1546,9.507606820085211,Confident,+
1547,9.507606820085211,Confident,+
1548,39.29086436987961,Confident,+
1549,18.737842095645878,Confident,+
1550,15.398024145914567,Confident,+
1551,64.9550285637499,Confident,++
1552,71.85279210919427,Confident,++
1553,8.964541726309681,Confident,+
1554,10.000284199516447,Confident,+
1555,44.69685321698477,Confident,+
1556,25.841135525173677,Confident,+
1557,33.3040731670496,Confident,+
1558,22.260052019098264,Confident,+
1559,16.777246722897356,Confident,+
1560,65.18787140127934,Confident,++
1561,50.90880465250829,Confident,++
1562,38.663255678774846,Confident,+
1563,202.40921863229684,Confident,++
1564,84.41012413313467,Confident,++
1565,35.622170086154284,Confident,+
1566,37.20889588700009,Confident,+
1567,35.622170086154284,Confident,+
1568,0.5095341082556635,Confident,+
1569,80.62720018007737,Confident,++
1570,97.78063484801778,Confident,++
1571,935.2167973533095,Confident,+++
1572,78.57861167723304,Confident,++
1573,170.0430470108481,Confident,++
1574,7.523700416485615,Confident,+
1575,101.7009419734569,Confident,++
1576,24.855089831452815,Confident,+
1577,17.862745493766134,Confident,+
1578,12.858122882182244,Confident,+
1579,0.09755003666928816,Confident,+
1580,20.829653961704484,Confident,+
1581,40.97099687412207,Confident,+
1582,37.71380032386985,Confident,+
1583,10.051297556612333,Confident,+
1584,19.822148210585446,Confident,+
1585,6.989211969426867,Confident,+
1586,10.732818670293623,Confident,+
1587,10.051297556612333,Confident,+
1588,18.204874037483943,Confident,+
1589,16.657026071205387,Confident,+
1590,24.084216369785004,Confident,+
1591,24.084216369785004,Confident,+
1592,65.4955852725314,Confident,++
1593,62.897247022027436,Confident,++
1594,16.92328193414439,Confident,+
1595,15.2081751606289,Confident,+
1596,30.771270226994723,Confident,+
1597,41.24606192390367,Confident,+
1598,19.744133713511562,Confident,+
1599,33.77799196478132,Confident,+
1600,17.147573838392006,Confident,+
1601,41.3221115087421,Confident,+
1602,21.233288215147816,Confident,+
1603,86.92131109189273,Confident,++
1604,15.40343233908602,Confident,+
1605,15.40343233908602,Confident,+
1606,15.40343233908602,Confident,+
1607,34.86867918755311,Confident,+
1608,42.461755901405795,Confident,+
1609,34.799125532611775,Confident,+
1610,12.869238018018994,Confident,+
1611,50.335484537299386,Confident,++
1612,40.35891047977306,Confident,+
1613,45.59979852985072,Confident,+
1614,8.801562398936252,Confident,+
1615,12.142585007830991,Confident,+
1616,41.129239453876764,Confident,+
1617,49.06299432456237,Confident,+
1618,245.4791638650897,Confident,++
1619,245.4791638650897,Confident,++
1620,13.480812535997881,Confident,+
1621,13.480812535997881,Confident,+
1622,150.84232007738305,Confident,++
1623,146.06576850239395,Confident,++
1624,143.52386531126174,Confident,++
1625,90.488961647577,Confident,++
1626,27.43999385034484,Confident,+
1627,32.9858122836431,Confident,+
1628,61.474230101945516,Confident,++
1629,16.085982223111515,Confident,+
1630,21.67858265045638,Confident,+
1631,19.105512685539694,Confident,+
1632,19.105512685539694,Confident,+
1633,28.368135230117804,Confident,+
1634,134.6893630748194,Confident,++
1635,7.667186775649181,Confident,+
1636,140.00860789328772,Confident,++
1637,15.40343233908602,Confident,+
1638,38.701270253653384,Confident,+
1639,37.8310689914913,Confident,+
1640,29.555349443929707,Confident,+
1641,332.8960928077488,Confident,++
1642,42.90779070507647,Confident,+
1643,15.40343233908602,Confident,+
1644,15.40343233908602,Confident,+
1645,32.169740039434835,Confident,+
1646,32.169740039434835,Confident,+
1647,85.95832734383127,Confident,++
1648,31.20744602997051,Confident,+
1649,17.061155183177565,Confident,+
1650,12.341268140861063,Confident,+
1651,12.341268140861063,Confident,+
1652,22.504732802996042,Confident,+
1653,22.504732802996042,Confident,+
1654,22.504732802996042,Confident,+
1655,37.20889588700009,Confident,+
1656,35.622170086154284,Confident,+
1657,34.25268461038039,Confident,+
1658,34.25268461038039,Confident,+
1659,85.12798946891672,Confident,++
1660,27.23903424575374,Confident,+
1661,43.52522837210097,Confident,+
1662,43.51241708556003,Confident,+
1663,10.716453129906904,Confident,+
1664,18.46708585232579,Confident,+
1665,18.46708585232579,Confident,+
1666,119.52084609955905,Confident,++
1667,20.77365526979038,Confident,+
1668,35.4394171677589,Confident,+
1669,35.4394171677589,Confident,+
1670,91.69264008555567,Confident,++
1671,91.69264008555567,Confident,++
1672,91.10326485734352,Confident,++
1673,91.10326485734352,Confident,++
1674,33.684032526249304,Confident,+
1675,33.684032526249304,Confident,+
1676,67.59314776623937,Confident,++
1677,67.59314776623937,Confident,++
1678,28.236403196840183,Confident,+
1679,28.236403196840183,Confident,+
1680,48.49417186273868,Confident,+
1681,48.49417186273868,Confident,+
1682,19.909884771320414,Confident,+
1683,19.909884771320414,Confident,+
1684,25.15164659786773,Confident,+
1685,25.15164659786773,Confident,+
1686,79.81493063070863,Confident,++
1687,79.81493063070863,Confident,++
1688,19.062624724238837,Confident,+
1689,19.062624724238837,Confident,+
1690,29.6639356766459,Confident,+
1691,29.6639356766459,Confident,+
1692,29.6639356766459,Confident,+
1693,48.49417186273868,Confident,+
1694,48.49417186273868,Confident,+
1695,48.49417186273868,Confident,+
1696,581.8041550097859,Confident,+++
1697,581.8041550097859,Confident,+++
1698,7.524425024871553,Confident,+
1699,7.524425024871553,Confident,+
1700,5.8363924899015664,Confident,+
1701,2.5817366085666875,Confident,+
1702,2.5817366085666875,Confident,+
1703,20.18666645282491,Confident,+
1704,20.18666645282491,Confident,+
1705,24.561573877224358,Confident,+
1706,25.459729725215077,Confident,+
1707,31.574681692447406,Confident,+
1708,38.79772354959746,Confident,+
1709,95.98205259900863,Confident,++
1710,79.63218005287503,Confident,++
1711,70.786320093303,Confident,++
1712,13.837388620091149,Confident,+
1713,13.189189979191653,Confident,+
1714,61.545083632348295,Confident,++
1715,9.113290510818183,Confident,+
1716,43.4825088471475,Confident,+
1717,11.51746785909787,Confident,+
1718,2.439597928858421,Confident,+
1719,122.16314814461408,Confident,++
1720,502.18035673626156,Confident,+++
1721,4.647048346153754,Confident,+
1722,60.004014543428745,Confident,++
1723,9.113767570843537,Confident,+
1724,36.900498179991736,Confident,+
1725,32.74454948293724,Confident,+
1726,15.240424187883939,Confident,+
1727,16.122662976908735,Confident,+
1728,95.23114827663163,Confident,++
1729,95.23114827663163,Confident,++
1730,96.66956546416603,Confident,++
1731,10.345722441013805,Confident,+
1732,71.6736801474151,Confident,++
1733,309.86580379029357,Confident,++
1734,329.6636446449597,Confident,++
1735,27.23903424575374,Confident,+
1736,10.644833863571023,Confident,+
1737,208.61944041429595,Confident,++
1738,20.62386016091178,Confident,+
1739,19.65518055340398,Confident,+
1740,28.96591522421163,Confident,+
1741,26.046907178997387,Confident,+
1742,36.27048670887611,Confident,+
1743,34.34010524854705,Confident,+
1744,25.459729725215077,Confident,+
1745,7.733945694366709,Confident,+
1746,25.124679035604952,Confident,+
1747,13.092735544631308,Confident,+
1748,7.439950321613135,Confident,+
1749,15.860325619478147,Confident,+
1750,22.327741375870826,Confident,+
1751,1.975060075306467,Confident,+
1752,29.483760325710644,Confident,+
1753,61.545083632348295,Confident,++
1754,250.0320308533626,Confident,++
1755,26.789225029238942,Confident,+
1756,3.444134209277193,Confident,+
1757,13.981460830660602,Confident,+
1758,42.944995664865765,Confident,+
1759,23.413713174998964,Confident,+
1760,30.65994015866672,Confident,+
1761,17.69184994262899,Confident,+
1762,18.93991645131174,Confident,+
1763,44.33242620114705,Confident,+
1764,41.00333253759855,Confident,+
1765,12.383504209230841,Confident,+
1766,7.146932735669756,Confident,+
1767,17.061155183177565,Confident,+
1768,161.65905578564642,Confident,++
1769,56.64824953725374,Confident,++
1770,59.08539725774872,Confident,++
1771,10.732818670293623,Confident,+
1772,93.50956153337134,Confident,++
1773,44.41455464295945,Confident,+
1774,59.621675581008176,Confident,++
1775,31.966112771366294,Confident,+
1776,37.67689929200922,Confident,+
1777,16.295843765484705,Confident,+
1778,42.709072958412506,Confident,+
1779,18.14535507412019,Confident,+
1780,329.28604676108927,Confident,++
1781,152.08906885298165,Confident,++
1782,38.98893839859031,Confident,+
1783,25.904365851384988,Confident,+
1784,20.95393495275894,Confident,+
1785,44.10050641817738,Confident,+
1786,170.10580864015176,Confident,++
1787,178.91625656802466,Confident,++
1788,32.244257333002295,Confident,+
1789,35.59240891617701,Confident,+
1790,173.38165388021352,Confident,++
1791,283.06683809233414,Confident,++
1792,477.7535064710737,Confident,++
1793,55.9844005404511,Confident,++
1794,56.42995424927985,Confident,++
1795,17.958988223134806,Confident,+
1796,17.958988223134806,Confident,+
1797,21.74597120120182,Confident,+
1798,28.893224133101988,Confident,+
1799,22.96553463565169,Confident,+
1800,13.70752524947895,Confident,+
1801,16.422903295493843,Confident,+
1802,31.759257898421218,Confident,+
1803,36.052677199343755,Confident,+
1804,42.335917878187836,Confident,+
1805,23.44333941879555,Confident,+
1806,15.948182376108392,Confident,+
1807,4.347003611415465,Confident,+
1808,13.552805738362695,Confident,+
1809,144.5819235383271,Confident,++
1810,20.524176184409153,Confident,+
1811,24.111847011769775,Confident,+
1812,41.522180700796625,Confident,+
1813,41.522180700796625,Confident,+
1814,33.990538395148896,Confident,+
1815,12.099159434080228,Confident,+
1816,18.232700125154494,Confident,+
1817,31.454124432070437,Confident,+
1818,34.932813806952,Confident,+
1819,69.95429156177843,Confident,++
1820,9.046513973001778,Confident,+
1821,57.42891483259084,Confident,++
1822,19.46386635099432,Confident,+
1823,19.482387068993678,Confident,+
1824,44.497896353040765,Confident,+
1825,29.069317293795397,Confident,+
1826,10.42723419031981,Confident,+
1827,19.45561874218192,Confident,+
1828,81.95479113320968,Confident,++
1829,10.000284199516447,Confident,+
1830,10.000284199516447,Confident,+
